"variable","n","q1","q3","iqr","lower_bound","upper_bound","outlier_count","outlier_pct"
"wage","3010","394","708","314","-77","1179","83","2.76"
"lwage","3010","5.9763507843017596","6.5624442100524902","0.58609342575073065","5.0972106456756636","7.4415843486785862","38","1.26"
"educ","3010","12","16","4","6","22","19","0.63"
"exper","3010","6","11","5","-1.5","18.5","50","1.66"
"IQ","2061","93","113","20","63","143","21","1.02"
"KWW","2963","28","40","12","10","58","9","0.3"
