educ_group,count,mean,std
<=11,497,5.993260983250271,0.4248426875855587
12,992,6.249023838869987,0.41909137131966107
13-15,704,6.276506987485019,0.4077343102779609
>=16,817,6.428116081102387,0.43362885236105875
