model_a,model_b,mean_rmse_a,mean_rmse_b,mean_diff_a_minus_b,t_stat,p_value,decision_5pct
Linear Regression,Ridge,0.3773718007327367,0.37467325034533083,0.002698550387405807,2.38527287598405,0.07555484330975269,fail to reject H0
Linear Regression,Lasso,0.3773718007327367,0.37133218178647215,0.006039618946264547,2.4369262358973307,0.07144487615812817,fail to reject H0
