model,rmse_mean,rmse_std,mae_mean,mae_std,r2_mean,r2_std
Lasso,0.37133218178647215,0.012236016081809733,0.2905914321091482,0.00998056242419928,0.2540744278013081,0.09220165778557697
Ridge,0.37467325034533083,0.012522743310347677,0.29456727563528434,0.011198837306861052,0.24047190244192254,0.09636321032087888
Linear Regression,0.3773718007327367,0.013424387620915959,0.2976294791875249,0.01291063946875535,0.22879922968615748,0.10626156205910814
