model,rmse,mae,r2,selected_alpha
Lasso,0.4053120405054012,0.31840291330884707,0.1535462286975645,0.002848035868435802
Ridge,0.4182747784338265,0.33342060982232824,0.0985376578770556,37.649358067924716
Linear Regression,0.42204051070691884,0.3375301246631999,0.08223284048518897,
