model,n_obs,n_features,r2,adj_r2,aic,bic,f_stat,f_pvalue
M3_full,3010,36,0.3382302945767567,0.33021693790160134,2481.801035288412,2704.1597635249,42.20831647559242,8.080935876389078e-236
M2_extended,3010,15,0.32555393177239367,0.32217494345462006,2496.913063920506,2593.0681896443925,96.34656919645754,1.392623721586792e-242
M1_simple,3010,1,0.09873649180201372,0.09843686962508624,3341.530010979209,3353.5494016946946,329.53666118612415,5.7717389679361155e-70
